"id","voting_area_id","candidate_id","amount","created_at","updated_at","fixed_amount"
1,1,1,28,"2018-11-02 11:42:10.420544","2018-11-02 11:42:10.420544",
2,1,2,5,"2018-11-02 11:42:10.428091","2018-11-02 11:42:10.428091",
3,1,3,32,"2018-11-02 11:42:10.434632","2018-11-02 11:42:10.434632",
4,1,4,36,"2018-11-02 11:42:10.445609","2018-11-02 11:42:10.445609",
5,1,5,23,"2018-11-02 11:42:10.451015","2018-11-02 11:42:10.451015",
6,1,6,13,"2018-11-02 11:42:10.456235","2018-11-02 11:42:10.456235",
7,1,7,0,"2018-11-02 11:42:10.461606","2018-11-02 11:42:10.461606",
8,1,8,39,"2018-11-02 11:42:10.466912","2018-11-02 11:42:10.466912",
9,1,9,15,"2018-11-02 11:42:10.471981","2018-11-02 11:42:10.471981",
10,1,10,14,"2018-11-02 11:42:10.477002","2018-11-02 11:42:10.477002",
11,1,11,25,"2018-11-02 11:42:10.482419","2018-11-02 11:42:10.482419",
12,1,12,4,"2018-11-02 11:42:10.487578","2018-11-02 11:42:10.487578",
13,1,13,2,"2018-11-02 11:42:10.492561","2018-11-02 11:42:10.492561",
14,1,14,4,"2018-11-02 11:42:10.497498","2018-11-02 11:42:10.497498",
15,1,15,10,"2018-11-02 11:42:10.502722","2018-11-02 11:42:10.502722",
16,1,16,5,"2018-11-02 11:42:10.50773","2018-11-02 11:42:10.50773",
17,1,17,6,"2018-11-02 11:42:10.514415","2018-11-02 11:42:10.514415",
18,1,18,2,"2018-11-02 11:42:10.521802","2018-11-02 11:42:10.521802",
19,1,19,3,"2018-11-02 11:42:10.529668","2018-11-02 11:42:10.529668",
20,1,20,5,"2018-11-02 11:42:10.536982","2018-11-02 11:42:10.536982",
21,1,21,9,"2018-11-02 11:42:10.544039","2018-11-02 11:42:10.544039",
22,1,22,4,"2018-11-02 11:42:10.550007","2018-11-02 11:42:10.550007",
23,1,23,9,"2018-11-02 11:42:10.556443","2018-11-02 11:42:10.556443",
24,1,24,3,"2018-11-02 11:42:10.563812","2018-11-02 11:42:10.563812",
25,1,25,4,"2018-11-02 11:42:10.570734","2018-11-02 11:42:10.570734",
26,1,26,4,"2018-11-02 11:42:10.577014","2018-11-02 11:42:10.577014",
27,1,27,3,"2018-11-02 11:42:10.583857","2018-11-02 11:42:10.583857",
28,1,28,2,"2018-11-02 11:42:10.590701","2018-11-02 11:42:10.590701",
29,1,29,2,"2018-11-02 11:42:10.596759","2018-11-02 11:42:10.596759",
30,1,30,7,"2018-11-02 11:42:10.60323","2018-11-02 11:42:10.60323",
31,1,31,1,"2018-11-02 11:42:10.609882","2018-11-02 11:42:10.609882",
32,1,32,2,"2018-11-02 11:42:10.620739","2018-11-02 11:42:10.620739",
33,1,33,3,"2018-11-02 11:42:10.625498","2018-11-02 11:42:10.625498",
34,1,34,5,"2018-11-02 11:42:10.630022","2018-11-02 11:42:10.630022",
35,1,35,9,"2018-11-02 11:42:10.634645","2018-11-02 11:42:10.634645",
36,1,36,18,"2018-11-02 11:42:10.63929","2018-11-02 11:42:10.63929",
37,1,37,1,"2018-11-02 11:42:10.644395","2018-11-02 11:42:10.644395",
38,1,38,8,"2018-11-02 11:42:10.648876","2018-11-02 11:42:10.648876",
39,1,39,4,"2018-11-02 11:42:10.653737","2018-11-02 11:42:10.653737",
40,1,40,24,"2018-11-02 11:42:10.658418","2018-11-02 11:42:10.658418",
41,1,41,1,"2018-11-02 11:42:10.663043","2018-11-02 11:42:10.663043",
42,1,42,3,"2018-11-02 11:42:10.667486","2018-11-02 11:42:10.667486",
43,1,43,5,"2018-11-02 11:42:10.671977","2018-11-02 11:42:10.671977",
44,1,44,6,"2018-11-02 11:42:10.676413","2018-11-02 11:42:10.676413",
45,1,45,4,"2018-11-02 11:42:10.681414","2018-11-02 11:42:10.681414",
46,1,46,6,"2018-11-02 11:42:10.685734","2018-11-02 11:42:10.685734",
47,1,47,0,"2018-11-02 11:42:10.690201","2018-11-02 11:42:10.690201",
48,1,48,6,"2018-11-02 11:42:10.695701","2018-11-02 11:42:10.695701",
49,1,49,9,"2018-11-02 11:42:10.700215","2018-11-02 11:42:10.700215",
50,1,50,2,"2018-11-02 11:42:10.704559","2018-11-02 11:42:10.704559",
51,1,51,17,"2018-11-02 11:42:10.709413","2018-11-02 11:42:10.709413",
52,1,52,7,"2018-11-02 11:42:10.714123","2018-11-02 11:42:10.714123",
53,1,53,2,"2018-11-02 11:42:10.718427","2018-11-02 11:42:10.718427",
54,1,54,5,"2018-11-02 11:42:10.72276","2018-11-02 11:42:10.72276",
55,1,55,7,"2018-11-02 11:42:10.727026","2018-11-02 11:42:10.727026",
56,1,56,1,"2018-11-02 11:42:10.731458","2018-11-02 11:42:10.731458",
57,1,57,4,"2018-11-02 11:42:10.735867","2018-11-02 11:42:10.735867",
58,1,58,7,"2018-11-02 11:42:10.739996","2018-11-02 11:42:10.739996",
59,1,59,25,"2018-11-02 11:42:10.744355","2018-11-02 11:42:10.744355",
60,1,60,0,"2018-11-02 11:42:10.748651","2018-11-02 11:42:10.748651",
61,1,61,8,"2018-11-02 11:42:10.752852","2018-11-02 11:42:10.752852",
62,1,62,11,"2018-11-02 11:42:10.756708","2018-11-02 11:42:10.756708",
63,1,63,1,"2018-11-02 11:42:10.760882","2018-11-02 11:42:10.760882",
64,1,64,6,"2018-11-02 11:42:10.765175","2018-11-02 11:42:10.765175",
65,1,65,86,"2018-11-02 11:42:10.769797","2018-11-02 11:42:10.769797",
66,1,66,2,"2018-11-02 11:42:10.774043","2018-11-02 11:42:10.774043",
67,1,67,1,"2018-11-02 11:42:10.778193","2018-11-02 11:42:10.778193",
68,1,68,8,"2018-11-02 11:42:10.782382","2018-11-02 11:42:10.782382",
69,1,69,3,"2018-11-02 11:42:10.786697","2018-11-02 11:42:10.786697",
70,1,70,12,"2018-11-02 11:42:10.790612","2018-11-02 11:42:10.790612",
71,1,71,0,"2018-11-02 11:42:10.794696","2018-11-02 11:42:10.794696",
72,1,72,2,"2018-11-02 11:42:10.798663","2018-11-02 11:42:10.798663",
73,1,73,2,"2018-11-02 11:42:10.802673","2018-11-02 11:42:10.802673",
74,1,74,4,"2018-11-02 11:42:10.806482","2018-11-02 11:42:10.806482",
75,1,75,19,"2018-11-02 11:42:10.810307","2018-11-02 11:42:10.810307",
76,1,76,5,"2018-11-02 11:42:10.814636","2018-11-02 11:42:10.814636",
77,1,77,7,"2018-11-02 11:42:10.819061","2018-11-02 11:42:10.819061",
78,1,78,12,"2018-11-02 11:42:10.823308","2018-11-02 11:42:10.823308",
79,1,79,3,"2018-11-02 11:42:10.827476","2018-11-02 11:42:10.827476",
80,1,80,2,"2018-11-02 11:42:10.831807","2018-11-02 11:42:10.831807",
81,1,81,3,"2018-11-02 11:42:10.836415","2018-11-02 11:42:10.836415",
82,1,82,1,"2018-11-02 11:42:10.840953","2018-11-02 11:42:10.840953",
83,1,83,4,"2018-11-02 11:42:10.845496","2018-11-02 11:42:10.845496",
84,1,84,7,"2018-11-02 11:42:10.849961","2018-11-02 11:42:10.849961",
85,1,85,5,"2018-11-02 11:42:10.855493","2018-11-02 11:42:10.855493",
86,1,86,0,"2018-11-02 11:42:10.860218","2018-11-02 11:42:10.860218",
87,1,87,0,"2018-11-02 11:42:10.865158","2018-11-02 11:42:10.865158",
88,1,88,10,"2018-11-02 11:42:10.86935","2018-11-02 11:42:10.86935",
89,1,89,3,"2018-11-02 11:42:10.873471","2018-11-02 11:42:10.873471",
90,1,90,3,"2018-11-02 11:42:10.87806","2018-11-02 11:42:10.87806",
91,1,91,0,"2018-11-02 11:42:10.882514","2018-11-02 11:42:10.882514",
92,1,92,0,"2018-11-02 11:42:10.886988","2018-11-02 11:42:10.886988",
93,1,93,10,"2018-11-02 11:42:10.891463","2018-11-02 11:42:10.891463",
94,1,94,1,"2018-11-02 11:42:10.895981","2018-11-02 11:42:10.895981",
95,1,95,1,"2018-11-02 11:42:10.900633","2018-11-02 11:42:10.900633",
96,1,96,3,"2018-11-02 11:42:10.905015","2018-11-02 11:42:10.905015",
97,1,97,3,"2018-11-02 11:42:10.909277","2018-11-02 11:42:10.909277",
98,1,98,0,"2018-11-02 11:42:10.913619","2018-11-02 11:42:10.913619",
99,1,99,3,"2018-11-02 11:42:10.917703","2018-11-02 11:42:10.917703",
100,1,100,11,"2018-11-02 11:42:10.921772","2018-11-02 11:42:10.921772",
101,1,101,9,"2018-11-02 11:42:10.926264","2018-11-02 11:42:10.926264",
102,1,102,0,"2018-11-02 11:42:10.930305","2018-11-02 11:42:10.930305",
103,1,103,5,"2018-11-02 11:42:10.934725","2018-11-02 11:42:10.934725",
104,1,104,15,"2018-11-02 11:42:10.939028","2018-11-02 11:42:10.939028",
105,1,105,0,"2018-11-02 11:42:10.943472","2018-11-02 11:42:10.943472",
106,1,106,6,"2018-11-02 11:42:10.948121","2018-11-02 11:42:10.948121",
107,1,107,1,"2018-11-02 11:42:10.952681","2018-11-02 11:42:10.952681",
108,1,108,8,"2018-11-02 11:42:10.957484","2018-11-02 11:42:10.957484",
109,1,109,8,"2018-11-02 11:42:10.963798","2018-11-02 11:42:10.963798",
110,1,110,9,"2018-11-02 11:42:10.968218","2018-11-02 11:42:10.968218",
111,1,111,12,"2018-11-02 11:42:10.973877","2018-11-02 11:42:10.973877",
112,1,112,4,"2018-11-02 11:42:10.979534","2018-11-02 11:42:10.979534",
113,1,113,14,"2018-11-02 11:42:10.985159","2018-11-02 11:42:10.985159",
114,1,114,2,"2018-11-02 11:42:10.99062","2018-11-02 11:42:10.99062",
115,1,115,14,"2018-11-02 11:42:10.996316","2018-11-02 11:42:10.996316",
116,1,116,1,"2018-11-02 11:42:11.001707","2018-11-02 11:42:11.001707",
117,1,117,4,"2018-11-02 11:42:11.00668","2018-11-02 11:42:11.00668",
118,1,118,4,"2018-11-02 11:42:11.011536","2018-11-02 11:42:11.011536",
119,1,119,2,"2018-11-02 11:42:11.01631","2018-11-02 11:42:11.01631",
120,1,120,4,"2018-11-02 11:42:11.021122","2018-11-02 11:42:11.021122",
121,1,121,0,"2018-11-02 11:42:11.026157","2018-11-02 11:42:11.026157",
122,1,122,1,"2018-11-02 11:42:11.030744","2018-11-02 11:42:11.030744",
123,1,123,3,"2018-11-02 11:42:11.035624","2018-11-02 11:42:11.035624",
124,1,124,2,"2018-11-02 11:42:11.040378","2018-11-02 11:42:11.040378",
125,1,125,3,"2018-11-02 11:42:11.045738","2018-11-02 11:42:11.045738",
126,1,126,0,"2018-11-02 11:42:11.050564","2018-11-02 11:42:11.050564",
127,1,127,13,"2018-11-02 11:42:11.055089","2018-11-02 11:42:11.055089",
128,1,128,38,"2018-11-02 11:42:11.060473","2018-11-02 11:42:11.060473",
129,1,129,14,"2018-11-02 11:42:11.0651","2018-11-02 11:42:11.0651",
130,1,130,1,"2018-11-02 11:42:11.069383","2018-11-02 11:42:11.069383",
131,1,131,2,"2018-11-02 11:42:11.073624","2018-11-02 11:42:11.073624",
132,1,132,1,"2018-11-02 11:42:11.07797","2018-11-02 11:42:11.07797",
133,1,133,7,"2018-11-02 11:42:11.083052","2018-11-02 11:42:11.083052",
134,1,134,0,"2018-11-02 11:42:11.087409","2018-11-02 11:42:11.087409",
135,1,135,4,"2018-11-02 11:42:11.093132","2018-11-02 11:42:11.093132",
136,1,136,4,"2018-11-02 11:42:11.098391","2018-11-02 11:42:11.098391",
137,1,137,9,"2018-11-02 11:42:11.103244","2018-11-02 11:42:11.103244",
138,1,138,2,"2018-11-02 11:42:11.107772","2018-11-02 11:42:11.107772",
139,1,139,1,"2018-11-02 11:42:11.112567","2018-11-02 11:42:11.112567",
140,1,140,1,"2018-11-02 11:42:11.117481","2018-11-02 11:42:11.117481",
141,1,141,2,"2018-11-02 11:42:11.122068","2018-11-02 11:42:11.122068",
142,1,142,1,"2018-11-02 11:42:11.126429","2018-11-02 11:42:11.126429",
143,1,143,4,"2018-11-02 11:42:11.132471","2018-11-02 11:42:11.132471",
144,1,144,18,"2018-11-02 11:42:11.138809","2018-11-02 11:42:11.138809",
145,1,145,2,"2018-11-02 11:42:11.14496","2018-11-02 11:42:11.14496",
146,1,146,4,"2018-11-02 11:42:11.150037","2018-11-02 11:42:11.150037",
147,1,147,5,"2018-11-02 11:42:11.154734","2018-11-02 11:42:11.154734",
148,1,148,2,"2018-11-02 11:42:11.160343","2018-11-02 11:42:11.160343",
149,1,149,2,"2018-11-02 11:42:11.165807","2018-11-02 11:42:11.165807",
150,1,150,13,"2018-11-02 11:42:11.170968","2018-11-02 11:42:11.170968",
151,1,151,12,"2018-11-02 11:42:11.175595","2018-11-02 11:42:11.175595",
152,1,152,2,"2018-11-02 11:42:11.18036","2018-11-02 11:42:11.18036",
153,1,153,14,"2018-11-02 11:42:11.185347","2018-11-02 11:42:11.185347",
154,1,154,7,"2018-11-02 11:42:11.189998","2018-11-02 11:42:11.189998",
155,1,155,3,"2018-11-02 11:42:11.194165","2018-11-02 11:42:11.194165",
156,1,156,22,"2018-11-02 11:42:11.198848","2018-11-02 11:42:11.198848",
157,1,157,1,"2018-11-02 11:42:11.20325","2018-11-02 11:42:11.20325",
158,1,158,1,"2018-11-02 11:42:11.207461","2018-11-02 11:42:11.207461",
159,1,159,5,"2018-11-02 11:42:11.211819","2018-11-02 11:42:11.211819",
160,1,160,6,"2018-11-02 11:42:11.216727","2018-11-02 11:42:11.216727",
161,1,161,37,"2018-11-02 11:42:11.221228","2018-11-02 11:42:11.221228",
162,1,162,13,"2018-11-02 11:42:11.22549","2018-11-02 11:42:11.22549",
163,1,163,8,"2018-11-02 11:42:11.229671","2018-11-02 11:42:11.229671",
164,1,164,83,"2018-11-02 11:42:11.234128","2018-11-02 11:42:11.234128",
165,1,165,7,"2018-11-02 11:42:11.238438","2018-11-02 11:42:11.238438",
166,1,166,2,"2018-11-02 11:42:11.24293","2018-11-02 11:42:11.24293",
167,1,167,4,"2018-11-02 11:42:11.247212","2018-11-02 11:42:11.247212",
168,1,168,7,"2018-11-02 11:42:11.251292","2018-11-02 11:42:11.251292",
169,1,169,6,"2018-11-02 11:42:11.255554","2018-11-02 11:42:11.255554",
170,1,170,23,"2018-11-02 11:42:11.259732","2018-11-02 11:42:11.259732",
171,1,171,8,"2018-11-02 11:42:11.263676","2018-11-02 11:42:11.263676",
172,1,172,16,"2018-11-02 11:42:11.267714","2018-11-02 11:42:11.267714",
173,1,173,11,"2018-11-02 11:42:11.271808","2018-11-02 11:42:11.271808",
174,1,174,4,"2018-11-02 11:42:11.276179","2018-11-02 11:42:11.276179",
175,1,175,8,"2018-11-02 11:42:11.280336","2018-11-02 11:42:11.280336",
176,1,176,20,"2018-11-02 11:42:11.284438","2018-11-02 11:42:11.284438",
177,1,177,11,"2018-11-02 11:42:11.288676","2018-11-02 11:42:11.288676",
178,1,178,4,"2018-11-02 11:42:11.293073","2018-11-02 11:42:11.293073",
179,1,179,9,"2018-11-02 11:42:11.29741","2018-11-02 11:42:11.29741",
180,1,180,6,"2018-11-02 11:42:11.301648","2018-11-02 11:42:11.301648",
181,1,181,6,"2018-11-02 11:42:11.306293","2018-11-02 11:42:11.306293",
182,1,182,10,"2018-11-02 11:42:11.310513","2018-11-02 11:42:11.310513",
183,1,183,3,"2018-11-02 11:42:11.315006","2018-11-02 11:42:11.315006",
184,1,184,5,"2018-11-02 11:42:11.319601","2018-11-02 11:42:11.319601",
185,1,185,10,"2018-11-02 11:42:11.324021","2018-11-02 11:42:11.324021",
186,1,186,10,"2018-11-02 11:42:11.329992","2018-11-02 11:42:11.329992",
187,1,187,41,"2018-11-02 11:42:11.334479","2018-11-02 11:42:11.334479",
188,1,188,30,"2018-11-02 11:42:11.338967","2018-11-02 11:42:11.338967",
189,1,189,46,"2018-11-02 11:42:11.344883","2018-11-02 11:42:11.344883",
190,1,190,5,"2018-11-02 11:42:11.34949","2018-11-02 11:42:11.34949",
191,1,191,2,"2018-11-02 11:42:11.353787","2018-11-02 11:42:11.353787",
192,1,192,2,"2018-11-02 11:42:11.357912","2018-11-02 11:42:11.357912",
193,1,193,7,"2018-11-02 11:42:11.362476","2018-11-02 11:42:11.362476",
194,1,194,21,"2018-11-02 11:42:11.366926","2018-11-02 11:42:11.366926",
195,1,195,7,"2018-11-02 11:42:11.371148","2018-11-02 11:42:11.371148",
196,1,196,15,"2018-11-02 11:42:11.375481","2018-11-02 11:42:11.375481",
197,1,197,5,"2018-11-02 11:42:11.37976","2018-11-02 11:42:11.37976",
198,1,198,11,"2018-11-02 11:42:11.3844","2018-11-02 11:42:11.3844",
199,1,199,6,"2018-11-02 11:42:11.38887","2018-11-02 11:42:11.38887",
200,1,200,14,"2018-11-02 11:42:11.392834","2018-11-02 11:42:11.392834",
201,1,201,2,"2018-11-02 11:42:11.397055","2018-11-02 11:42:11.397055",
202,1,202,19,"2018-11-02 11:42:11.401192","2018-11-02 11:42:11.401192",
203,1,203,7,"2018-11-02 11:42:11.405041","2018-11-02 11:42:11.405041",
204,1,204,20,"2018-11-02 11:42:11.408743","2018-11-02 11:42:11.408743",
205,1,205,6,"2018-11-02 11:42:11.41247","2018-11-02 11:42:11.41247",
206,1,206,4,"2018-11-02 11:42:11.416506","2018-11-02 11:42:11.416506",
207,1,207,16,"2018-11-02 11:42:11.420641","2018-11-02 11:42:11.420641",
208,1,208,5,"2018-11-02 11:42:11.424897","2018-11-02 11:42:11.424897",
209,1,209,54,"2018-11-02 11:42:11.428833","2018-11-02 11:42:11.428833",
210,1,210,36,"2018-11-02 11:42:11.433093","2018-11-02 11:42:11.433093",
211,1,211,18,"2018-11-02 11:42:11.437004","2018-11-02 11:42:11.437004",
212,1,212,2,"2018-11-02 11:42:11.441259","2018-11-02 11:42:11.441259",
213,1,213,11,"2018-11-02 11:42:11.445427","2018-11-02 11:42:11.445427",
214,1,214,4,"2018-11-02 11:42:11.449378","2018-11-02 11:42:11.449378",
215,1,215,20,"2018-11-02 11:42:11.453353","2018-11-02 11:42:11.453353",
216,1,216,9,"2018-11-02 11:42:11.457262","2018-11-02 11:42:11.457262",
217,1,217,5,"2018-11-02 11:42:11.461368","2018-11-02 11:42:11.461368",
218,1,218,8,"2018-11-02 11:42:11.465643","2018-11-02 11:42:11.465643",
219,1,219,12,"2018-11-02 11:42:11.469626","2018-11-02 11:42:11.469626",
220,1,220,6,"2018-11-02 11:42:11.473703","2018-11-02 11:42:11.473703",
221,1,221,11,"2018-11-02 11:42:11.477868","2018-11-02 11:42:11.477868",
222,1,222,2,"2018-11-02 11:42:11.482336","2018-11-02 11:42:11.482336",
223,1,223,28,"2018-11-02 11:42:11.486887","2018-11-02 11:42:11.486887",
224,1,224,4,"2018-11-02 11:42:11.491342","2018-11-02 11:42:11.491342",
225,1,225,2,"2018-11-02 11:42:11.495645","2018-11-02 11:42:11.495645",
226,1,226,7,"2018-11-02 11:42:11.500114","2018-11-02 11:42:11.500114",
227,1,227,79,"2018-11-02 11:42:11.504446","2018-11-02 11:42:11.504446",
228,1,228,24,"2018-11-02 11:42:11.508553","2018-11-02 11:42:11.508553",
229,1,229,3,"2018-11-02 11:42:11.512572","2018-11-02 11:42:11.512572",
230,1,230,6,"2018-11-02 11:42:11.517112","2018-11-02 11:42:11.517112",
231,1,231,3,"2018-11-02 11:42:11.521382","2018-11-02 11:42:11.521382",
232,1,232,4,"2018-11-02 11:42:11.525543","2018-11-02 11:42:11.525543",
233,1,233,7,"2018-11-02 11:42:11.529411","2018-11-02 11:42:11.529411",
234,1,234,24,"2018-11-02 11:42:11.533408","2018-11-02 11:42:11.533408",
235,1,235,13,"2018-11-02 11:42:11.537636","2018-11-02 11:42:11.537636",
236,1,236,12,"2018-11-02 11:42:11.541863","2018-11-02 11:42:11.541863",
237,1,237,6,"2018-11-02 11:42:11.545767","2018-11-02 11:42:11.545767",
238,1,238,80,"2018-11-02 11:42:11.549674","2018-11-02 11:42:11.549674",
239,1,239,4,"2018-11-02 11:42:11.553627","2018-11-02 11:42:11.553627",
240,1,240,9,"2018-11-02 11:42:11.557733","2018-11-02 11:42:11.557733",
241,1,241,8,"2018-11-02 11:42:11.562049","2018-11-02 11:42:11.562049",
242,1,242,10,"2018-11-02 11:42:11.566095","2018-11-02 11:42:11.566095",
243,1,243,5,"2018-11-02 11:42:11.570526","2018-11-02 11:42:11.570526",
244,1,244,9,"2018-11-02 11:42:11.574936","2018-11-02 11:42:11.574936",
245,1,245,6,"2018-11-02 11:42:11.579518","2018-11-02 11:42:11.579518",
246,1,246,6,"2018-11-02 11:42:11.584045","2018-11-02 11:42:11.584045",
247,1,247,6,"2018-11-02 11:42:11.58844","2018-11-02 11:42:11.58844",
248,1,248,9,"2018-11-02 11:42:11.59285","2018-11-02 11:42:11.59285",
249,1,249,8,"2018-11-02 11:42:11.596983","2018-11-02 11:42:11.596983",
250,1,250,1,"2018-11-02 11:42:11.601377","2018-11-02 11:42:11.601377",
251,1,251,8,"2018-11-02 11:42:11.605991","2018-11-02 11:42:11.605991",
252,1,252,30,"2018-11-02 11:42:11.610261","2018-11-02 11:42:11.610261",
253,1,253,1,"2018-11-02 11:42:11.614601","2018-11-02 11:42:11.614601",
254,1,254,5,"2018-11-02 11:42:11.619259","2018-11-02 11:42:11.619259",
255,1,255,12,"2018-11-02 11:42:11.623892","2018-11-02 11:42:11.623892",
256,1,256,4,"2018-11-02 11:42:11.628829","2018-11-02 11:42:11.628829",
257,1,257,8,"2018-11-02 11:42:11.633676","2018-11-02 11:42:11.633676",
258,1,258,6,"2018-11-02 11:42:11.638115","2018-11-02 11:42:11.638115",
259,1,259,5,"2018-11-02 11:42:11.642796","2018-11-02 11:42:11.642796",
260,1,260,3,"2018-11-02 11:42:11.647587","2018-11-02 11:42:11.647587",
261,1,261,27,"2018-11-02 11:42:11.652551","2018-11-02 11:42:11.652551",
262,1,262,3,"2018-11-02 11:42:11.657323","2018-11-02 11:42:11.657323",
263,1,263,23,"2018-11-02 11:42:11.66338","2018-11-02 11:42:11.66338",
264,1,264,19,"2018-11-02 11:42:11.668202","2018-11-02 11:42:11.668202",
265,1,265,18,"2018-11-02 11:42:11.672685","2018-11-02 11:42:11.672685",
266,1,266,8,"2018-11-02 11:42:11.677133","2018-11-02 11:42:11.677133",
267,1,267,12,"2018-11-02 11:42:11.681692","2018-11-02 11:42:11.681692",
268,1,268,5,"2018-11-02 11:42:11.686355","2018-11-02 11:42:11.686355",
269,1,269,9,"2018-11-02 11:42:11.690931","2018-11-02 11:42:11.690931",
270,1,270,15,"2018-11-02 11:42:11.696272","2018-11-02 11:42:11.696272",
271,1,271,125,"2018-11-02 11:42:11.701001","2018-11-02 11:42:11.701001",
272,1,272,41,"2018-11-02 11:42:11.705333","2018-11-02 11:42:11.705333",
273,1,273,31,"2018-11-02 11:42:11.710805","2018-11-02 11:42:11.710805",
274,1,274,6,"2018-11-02 11:42:11.715506","2018-11-02 11:42:11.715506",
275,1,275,21,"2018-11-02 11:42:11.721286","2018-11-02 11:42:11.721286",
276,1,276,25,"2018-11-02 11:42:11.725546","2018-11-02 11:42:11.725546",
277,1,277,12,"2018-11-02 11:42:11.730536","2018-11-02 11:42:11.730536",
278,1,278,12,"2018-11-02 11:42:11.73655","2018-11-02 11:42:11.73655",
279,1,279,28,"2018-11-02 11:42:11.742762","2018-11-02 11:42:11.742762",
280,1,280,23,"2018-11-02 11:42:11.748224","2018-11-02 11:42:11.748224",
281,1,281,29,"2018-11-02 11:42:11.752887","2018-11-02 11:42:11.752887",
282,1,282,7,"2018-11-02 11:42:11.758225","2018-11-02 11:42:11.758225",
283,1,283,27,"2018-11-02 11:42:11.763819","2018-11-02 11:42:11.763819",
284,1,284,70,"2018-11-02 11:42:11.769338","2018-11-02 11:42:11.769338",
285,1,285,27,"2018-11-02 11:42:11.774346","2018-11-02 11:42:11.774346",
286,1,286,35,"2018-11-02 11:42:11.779084","2018-11-02 11:42:11.779084",
287,1,287,4,"2018-11-02 11:42:11.783477","2018-11-02 11:42:11.783477",
288,1,288,2,"2018-11-02 11:42:11.787744","2018-11-02 11:42:11.787744",
289,1,289,8,"2018-11-02 11:42:11.792065","2018-11-02 11:42:11.792065",
290,1,290,4,"2018-11-02 11:42:11.796214","2018-11-02 11:42:11.796214",
291,1,291,1,"2018-11-02 11:42:11.800362","2018-11-02 11:42:11.800362",
292,1,292,40,"2018-11-02 11:42:11.804346","2018-11-02 11:42:11.804346",
293,1,293,56,"2018-11-02 11:42:11.80853","2018-11-02 11:42:11.80853",
294,1,294,18,"2018-11-02 11:42:11.812561","2018-11-02 11:42:11.812561",
295,1,295,41,"2018-11-02 11:42:11.816706","2018-11-02 11:42:11.816706",
296,1,296,6,"2018-11-02 11:42:11.820733","2018-11-02 11:42:11.820733",
297,1,297,27,"2018-11-02 11:42:11.824992","2018-11-02 11:42:11.824992",
298,1,298,18,"2018-11-02 11:42:11.829274","2018-11-02 11:42:11.829274",
299,1,299,27,"2018-11-02 11:42:11.83398","2018-11-02 11:42:11.83398",
300,1,300,5,"2018-11-02 11:42:11.838408","2018-11-02 11:42:11.838408",
301,1,301,23,"2018-11-02 11:42:11.842467","2018-11-02 11:42:11.842467",
302,1,302,12,"2018-11-02 11:42:11.846361","2018-11-02 11:42:11.846361",
303,1,303,5,"2018-11-02 11:42:11.850538","2018-11-02 11:42:11.850538",
304,1,304,33,"2018-11-02 11:42:11.854674","2018-11-02 11:42:11.854674",
305,1,305,14,"2018-11-02 11:42:11.859315","2018-11-02 11:42:11.859315",
306,1,306,11,"2018-11-02 11:42:11.863862","2018-11-02 11:42:11.863862",
307,1,307,47,"2018-11-02 11:42:11.868138","2018-11-02 11:42:11.868138",
308,1,308,12,"2018-11-02 11:42:11.87259","2018-11-02 11:42:11.87259",
309,1,309,2,"2018-11-02 11:42:11.877204","2018-11-02 11:42:11.877204",
310,1,310,82,"2018-11-02 11:42:11.882711","2018-11-02 11:42:11.882711",
311,1,311,51,"2018-11-02 11:42:11.887811","2018-11-02 11:42:11.887811",
312,1,312,12,"2018-11-02 11:42:11.892314","2018-11-02 11:42:11.892314",
313,1,313,7,"2018-11-02 11:42:11.896672","2018-11-02 11:42:11.896672",
314,1,314,19,"2018-11-02 11:42:11.901278","2018-11-02 11:42:11.901278",
315,1,315,2,"2018-11-02 11:42:11.90568","2018-11-02 11:42:11.90568",
316,1,316,2,"2018-11-02 11:42:11.910375","2018-11-02 11:42:11.910375",
317,1,317,4,"2018-11-02 11:42:11.915291","2018-11-02 11:42:11.915291",
318,1,318,47,"2018-11-02 11:42:11.919958","2018-11-02 11:42:11.919958",
319,1,319,8,"2018-11-02 11:42:11.925649","2018-11-02 11:42:11.925649",
320,1,320,9,"2018-11-02 11:42:11.931413","2018-11-02 11:42:11.931413",
321,1,321,16,"2018-11-02 11:42:11.93655","2018-11-02 11:42:11.93655",
322,1,322,21,"2018-11-02 11:42:11.941285","2018-11-02 11:42:11.941285",
323,1,323,3,"2018-11-02 11:42:11.946109","2018-11-02 11:42:11.946109",
324,1,324,5,"2018-11-02 11:42:11.950649","2018-11-02 11:42:11.950649",
325,1,325,6,"2018-11-02 11:42:11.955342","2018-11-02 11:42:11.955342",
326,1,326,4,"2018-11-02 11:42:11.959798","2018-11-02 11:42:11.959798",
327,1,327,8,"2018-11-02 11:42:11.964567","2018-11-02 11:42:11.964567",
328,1,328,13,"2018-11-02 11:42:11.969225","2018-11-02 11:42:11.969225",
329,1,329,19,"2018-11-02 11:42:11.97357","2018-11-02 11:42:11.97357",
330,1,330,8,"2018-11-02 11:42:11.977954","2018-11-02 11:42:11.977954",
331,1,331,13,"2018-11-02 11:42:11.982696","2018-11-02 11:42:11.982696",
332,1,332,7,"2018-11-02 11:42:11.987468","2018-11-02 11:42:11.987468",
333,1,333,7,"2018-11-02 11:42:11.992241","2018-11-02 11:42:11.992241",
334,1,334,28,"2018-11-02 11:42:11.996893","2018-11-02 11:42:11.996893",
335,1,335,4,"2018-11-02 11:42:12.001773","2018-11-02 11:42:12.001773",
336,1,336,41,"2018-11-02 11:42:12.006607","2018-11-02 11:42:12.006607",
337,1,337,6,"2018-11-02 11:42:12.011854","2018-11-02 11:42:12.011854",
338,1,338,30,"2018-11-02 11:42:12.01665","2018-11-02 11:42:12.01665",
339,1,339,40,"2018-11-02 11:42:12.023187","2018-11-02 11:42:12.023187",
340,1,340,23,"2018-11-02 11:42:12.028082","2018-11-02 11:42:12.028082",
341,1,341,13,"2018-11-02 11:42:12.032782","2018-11-02 11:42:12.032782",
342,1,342,6,"2018-11-02 11:42:12.037265","2018-11-02 11:42:12.037265",
343,1,343,22,"2018-11-02 11:42:12.043088","2018-11-02 11:42:12.043088",
344,1,344,5,"2018-11-02 11:42:12.047983","2018-11-02 11:42:12.047983",
345,1,345,6,"2018-11-02 11:42:12.052518","2018-11-02 11:42:12.052518",
346,1,346,23,"2018-11-02 11:42:12.056706","2018-11-02 11:42:12.056706",
347,1,347,20,"2018-11-02 11:42:12.061091","2018-11-02 11:42:12.061091",
348,1,348,12,"2018-11-02 11:42:12.066627","2018-11-02 11:42:12.066627",
349,1,349,7,"2018-11-02 11:42:12.071069","2018-11-02 11:42:12.071069",
350,1,350,2,"2018-11-02 11:42:12.075906","2018-11-02 11:42:12.075906",
351,1,351,7,"2018-11-02 11:42:12.080178","2018-11-02 11:42:12.080178",
352,1,352,12,"2018-11-02 11:42:12.084528","2018-11-02 11:42:12.084528",
353,1,353,14,"2018-11-02 11:42:12.088567","2018-11-02 11:42:12.088567",
354,1,354,1,"2018-11-02 11:42:12.093005","2018-11-02 11:42:12.093005",
355,1,355,17,"2018-11-02 11:42:12.097584","2018-11-02 11:42:12.097584",
356,1,356,18,"2018-11-02 11:42:12.102021","2018-11-02 11:42:12.102021",
357,1,357,10,"2018-11-02 11:42:12.106394","2018-11-02 11:42:12.106394",
358,1,358,20,"2018-11-02 11:42:12.112244","2018-11-02 11:42:12.112244",
359,1,359,26,"2018-11-02 11:42:12.117085","2018-11-02 11:42:12.117085",
360,1,360,9,"2018-11-02 11:42:12.121529","2018-11-02 11:42:12.121529",
361,1,361,20,"2018-11-02 11:42:12.125446","2018-11-02 11:42:12.125446",
362,1,362,30,"2018-11-02 11:42:12.129468","2018-11-02 11:42:12.129468",
363,1,363,14,"2018-11-02 11:42:12.13386","2018-11-02 11:42:12.13386",
364,1,364,36,"2018-11-02 11:42:12.138398","2018-11-02 11:42:12.138398",
365,1,365,25,"2018-11-02 11:42:12.143416","2018-11-02 11:42:12.143416",
366,1,366,30,"2018-11-02 11:42:12.14813","2018-11-02 11:42:12.14813",
367,1,367,10,"2018-11-02 11:42:12.152764","2018-11-02 11:42:12.152764",
368,1,368,18,"2018-11-02 11:42:12.157211","2018-11-02 11:42:12.157211",
369,1,369,46,"2018-11-02 11:42:12.162142","2018-11-02 11:42:12.162142",
370,1,370,35,"2018-11-02 11:42:12.166508","2018-11-02 11:42:12.166508",
371,1,371,2,"2018-11-02 11:42:12.171012","2018-11-02 11:42:12.171012",
372,1,372,8,"2018-11-02 11:42:12.17533","2018-11-02 11:42:12.17533",
373,1,373,32,"2018-11-02 11:42:12.179734","2018-11-02 11:42:12.179734",
374,1,374,37,"2018-11-02 11:42:12.184403","2018-11-02 11:42:12.184403",
375,1,375,17,"2018-11-02 11:42:12.188867","2018-11-02 11:42:12.188867",
376,1,376,2,"2018-11-02 11:42:12.193029","2018-11-02 11:42:12.193029",
377,1,377,2,"2018-11-02 11:42:12.197234","2018-11-02 11:42:12.197234",
378,1,378,19,"2018-11-02 11:42:12.20159","2018-11-02 11:42:12.20159",
379,1,379,78,"2018-11-02 11:42:12.205797","2018-11-02 11:42:12.205797",
380,1,380,14,"2018-11-02 11:42:12.210289","2018-11-02 11:42:12.210289",
381,1,381,38,"2018-11-02 11:42:12.214763","2018-11-02 11:42:12.214763",
382,1,382,16,"2018-11-02 11:42:12.219362","2018-11-02 11:42:12.219362",
383,1,383,3,"2018-11-02 11:42:12.223907","2018-11-02 11:42:12.223907",
384,1,384,5,"2018-11-02 11:42:12.22843","2018-11-02 11:42:12.22843",
385,1,385,7,"2018-11-02 11:42:12.232769","2018-11-02 11:42:12.232769",
386,1,386,15,"2018-11-02 11:42:12.23731","2018-11-02 11:42:12.23731",
387,1,387,26,"2018-11-02 11:42:12.242997","2018-11-02 11:42:12.242997",
388,1,388,3,"2018-11-02 11:42:12.247588","2018-11-02 11:42:12.247588",
389,1,389,21,"2018-11-02 11:42:12.252294","2018-11-02 11:42:12.252294",
390,1,390,13,"2018-11-02 11:42:12.256918","2018-11-02 11:42:12.256918",
391,1,391,25,"2018-11-02 11:42:12.261842","2018-11-02 11:42:12.261842",
392,1,392,29,"2018-11-02 11:42:12.266509","2018-11-02 11:42:12.266509",
393,1,393,20,"2018-11-02 11:42:12.270823","2018-11-02 11:42:12.270823",
394,1,394,7,"2018-11-02 11:42:12.275554","2018-11-02 11:42:12.275554",
395,1,395,14,"2018-11-02 11:42:12.280601","2018-11-02 11:42:12.280601",
396,1,396,7,"2018-11-02 11:42:12.285494","2018-11-02 11:42:12.285494",
397,1,397,12,"2018-11-02 11:42:12.289938","2018-11-02 11:42:12.289938",
398,1,398,2,"2018-11-02 11:42:12.29425","2018-11-02 11:42:12.29425",
399,1,399,20,"2018-11-02 11:42:12.298857","2018-11-02 11:42:12.298857",
400,1,400,17,"2018-11-02 11:42:12.303522","2018-11-02 11:42:12.303522",
401,1,401,8,"2018-11-02 11:42:12.307811","2018-11-02 11:42:12.307811",
402,1,402,8,"2018-11-02 11:42:12.312406","2018-11-02 11:42:12.312406",
403,1,403,10,"2018-11-02 11:42:12.31713","2018-11-02 11:42:12.31713",
404,1,404,18,"2018-11-02 11:42:12.321592","2018-11-02 11:42:12.321592",
405,1,405,17,"2018-11-02 11:42:12.326214","2018-11-02 11:42:12.326214",
406,1,406,41,"2018-11-02 11:42:12.330968","2018-11-02 11:42:12.330968",
407,1,407,6,"2018-11-02 11:42:12.335411","2018-11-02 11:42:12.335411",
408,1,408,7,"2018-11-02 11:42:12.339699","2018-11-02 11:42:12.339699",
409,1,409,6,"2018-11-02 11:42:12.344393","2018-11-02 11:42:12.344393",
410,1,410,11,"2018-11-02 11:42:12.349614","2018-11-02 11:42:12.349614",
411,1,411,4,"2018-11-02 11:42:12.354422","2018-11-02 11:42:12.354422",
412,1,412,10,"2018-11-02 11:42:12.359434","2018-11-02 11:42:12.359434",
413,1,413,1,"2018-11-02 11:42:12.364607","2018-11-02 11:42:12.364607",
414,1,414,9,"2018-11-02 11:42:12.369665","2018-11-02 11:42:12.369665",
415,1,415,24,"2018-11-02 11:42:12.374763","2018-11-02 11:42:12.374763",
416,1,416,2,"2018-11-02 11:42:12.381243","2018-11-02 11:42:12.381243",
417,1,417,25,"2018-11-02 11:42:12.386032","2018-11-02 11:42:12.386032",
418,1,418,110,"2018-11-02 11:42:12.391823","2018-11-02 11:42:12.391823",
419,1,419,9,"2018-11-02 11:42:12.397044","2018-11-02 11:42:12.397044",
420,1,420,10,"2018-11-02 11:42:12.401647","2018-11-02 11:42:12.401647",
421,1,421,2,"2018-11-02 11:42:12.406241","2018-11-02 11:42:12.406241",
422,1,422,13,"2018-11-02 11:42:12.410722","2018-11-02 11:42:12.410722",
423,1,423,12,"2018-11-02 11:42:12.415166","2018-11-02 11:42:12.415166",
424,1,424,7,"2018-11-02 11:42:12.419795","2018-11-02 11:42:12.419795",
425,1,425,11,"2018-11-02 11:42:12.424838","2018-11-02 11:42:12.424838",
426,1,426,10,"2018-11-02 11:42:12.429356","2018-11-02 11:42:12.429356",
427,1,427,3,"2018-11-02 11:42:12.433737","2018-11-02 11:42:12.433737",
428,1,428,2,"2018-11-02 11:42:12.438055","2018-11-02 11:42:12.438055",
429,1,429,10,"2018-11-02 11:42:12.442484","2018-11-02 11:42:12.442484",
430,1,430,1,"2018-11-02 11:42:12.446544","2018-11-02 11:42:12.446544",
431,1,431,13,"2018-11-02 11:42:12.450785","2018-11-02 11:42:12.450785",
432,1,432,37,"2018-11-02 11:42:12.455127","2018-11-02 11:42:12.455127",
433,1,433,7,"2018-11-02 11:42:12.459505","2018-11-02 11:42:12.459505",
434,1,434,1,"2018-11-02 11:42:12.463716","2018-11-02 11:42:12.463716",
435,1,435,6,"2018-11-02 11:42:12.468278","2018-11-02 11:42:12.468278",
436,1,436,6,"2018-11-02 11:42:12.472653","2018-11-02 11:42:12.472653",
437,1,437,3,"2018-11-02 11:42:12.477143","2018-11-02 11:42:12.477143",
438,1,438,10,"2018-11-02 11:42:12.481741","2018-11-02 11:42:12.481741",
439,1,439,0,"2018-11-02 11:42:12.4861","2018-11-02 11:42:12.4861",
440,1,440,3,"2018-11-02 11:42:12.490661","2018-11-02 11:42:12.490661",
441,1,441,1,"2018-11-02 11:42:12.495013","2018-11-02 11:42:12.495013",
442,1,442,6,"2018-11-02 11:42:12.500121","2018-11-02 11:42:12.500121",
443,1,443,7,"2018-11-02 11:42:12.505843","2018-11-02 11:42:12.505843",
444,1,444,9,"2018-11-02 11:42:12.510716","2018-11-02 11:42:12.510716",
445,1,445,0,"2018-11-02 11:42:12.515297","2018-11-02 11:42:12.515297",
446,1,446,3,"2018-11-02 11:42:12.519558","2018-11-02 11:42:12.519558",
447,1,447,1,"2018-11-02 11:42:12.523563","2018-11-02 11:42:12.523563",
448,1,448,3,"2018-11-02 11:42:12.527892","2018-11-02 11:42:12.527892",
449,1,449,6,"2018-11-02 11:42:12.53251","2018-11-02 11:42:12.53251",
450,1,450,0,"2018-11-02 11:42:12.536884","2018-11-02 11:42:12.536884",
451,1,451,1,"2018-11-02 11:42:12.541226","2018-11-02 11:42:12.541226",
452,1,452,4,"2018-11-02 11:42:12.545663","2018-11-02 11:42:12.545663",
453,1,453,9,"2018-11-02 11:42:12.550099","2018-11-02 11:42:12.550099",
454,1,454,1,"2018-11-02 11:42:12.554644","2018-11-02 11:42:12.554644",
455,1,455,5,"2018-11-02 11:42:12.559242","2018-11-02 11:42:12.559242",
456,1,456,12,"2018-11-02 11:42:12.563419","2018-11-02 11:42:12.563419",
457,1,457,2,"2018-11-02 11:42:12.567563","2018-11-02 11:42:12.567563",
458,1,458,6,"2018-11-02 11:42:12.571759","2018-11-02 11:42:12.571759",
459,1,459,2,"2018-11-02 11:42:12.575679","2018-11-02 11:42:12.575679",
460,1,460,7,"2018-11-02 11:42:12.579693","2018-11-02 11:42:12.579693",
461,1,461,4,"2018-11-02 11:42:12.584036","2018-11-02 11:42:12.584036",
462,1,462,2,"2018-11-02 11:42:12.588084","2018-11-02 11:42:12.588084",
463,1,463,2,"2018-11-02 11:42:12.59208","2018-11-02 11:42:12.59208",
464,1,464,1,"2018-11-02 11:42:12.596079","2018-11-02 11:42:12.596079",
465,1,465,2,"2018-11-02 11:42:12.60053","2018-11-02 11:42:12.60053",
466,1,466,1,"2018-11-02 11:42:12.604705","2018-11-02 11:42:12.604705",
467,1,467,11,"2018-11-02 11:42:12.608787","2018-11-02 11:42:12.608787",
468,1,468,6,"2018-11-02 11:42:12.61275","2018-11-02 11:42:12.61275",
469,1,469,8,"2018-11-02 11:42:12.617141","2018-11-02 11:42:12.617141",
470,1,470,9,"2018-11-02 11:42:12.621155","2018-11-02 11:42:12.621155",
471,1,471,4,"2018-11-02 11:42:12.625165","2018-11-02 11:42:12.625165",
472,1,472,4,"2018-11-02 11:42:12.62943","2018-11-02 11:42:12.62943",
473,1,473,4,"2018-11-02 11:42:12.633897","2018-11-02 11:42:12.633897",
474,1,474,37,"2018-11-02 11:42:12.638298","2018-11-02 11:42:12.638298",
475,1,475,9,"2018-11-02 11:42:12.64252","2018-11-02 11:42:12.64252",
476,1,476,2,"2018-11-02 11:42:12.646507","2018-11-02 11:42:12.646507",
477,1,477,11,"2018-11-02 11:42:12.650532","2018-11-02 11:42:12.650532",
478,1,478,0,"2018-11-02 11:42:12.654671","2018-11-02 11:42:12.654671",
479,1,479,2,"2018-11-02 11:42:12.658558","2018-11-02 11:42:12.658558",
480,1,480,3,"2018-11-02 11:42:12.662989","2018-11-02 11:42:12.662989",
481,1,481,4,"2018-11-02 11:42:12.667697","2018-11-02 11:42:12.667697",
482,1,482,23,"2018-11-02 11:42:12.672306","2018-11-02 11:42:12.672306",
483,1,483,7,"2018-11-02 11:42:12.676592","2018-11-02 11:42:12.676592",
484,1,484,9,"2018-11-02 11:42:12.681254","2018-11-02 11:42:12.681254",
485,1,485,11,"2018-11-02 11:42:12.686139","2018-11-02 11:42:12.686139",
486,1,486,7,"2018-11-02 11:42:12.690998","2018-11-02 11:42:12.690998",
487,1,487,1,"2018-11-02 11:42:12.695886","2018-11-02 11:42:12.695886",
488,1,488,16,"2018-11-02 11:42:12.700748","2018-11-02 11:42:12.700748",
489,1,489,5,"2018-11-02 11:42:12.7064","2018-11-02 11:42:12.7064",
490,1,490,7,"2018-11-02 11:42:12.712067","2018-11-02 11:42:12.712067",
491,1,491,0,"2018-11-02 11:42:12.716999","2018-11-02 11:42:12.716999",
492,1,492,4,"2018-11-02 11:42:12.721838","2018-11-02 11:42:12.721838",
493,1,493,1,"2018-11-02 11:42:12.728047","2018-11-02 11:42:12.728047",
494,1,494,3,"2018-11-02 11:42:12.732969","2018-11-02 11:42:12.732969",
495,1,495,6,"2018-11-02 11:42:12.737448","2018-11-02 11:42:12.737448",
496,1,496,3,"2018-11-02 11:42:12.742914","2018-11-02 11:42:12.742914",
497,1,497,5,"2018-11-02 11:42:12.748243","2018-11-02 11:42:12.748243",
498,1,498,1,"2018-11-02 11:42:12.753016","2018-11-02 11:42:12.753016",
499,1,499,5,"2018-11-02 11:42:12.757449","2018-11-02 11:42:12.757449",
500,1,500,12,"2018-11-02 11:42:12.761745","2018-11-02 11:42:12.761745",
501,1,501,5,"2018-11-02 11:42:12.766308","2018-11-02 11:42:12.766308",
502,1,502,3,"2018-11-02 11:42:12.770981","2018-11-02 11:42:12.770981",
503,1,503,4,"2018-11-02 11:42:12.776457","2018-11-02 11:42:12.776457",
504,1,504,2,"2018-11-02 11:42:12.781024","2018-11-02 11:42:12.781024",
505,1,505,2,"2018-11-02 11:42:12.785174","2018-11-02 11:42:12.785174",
506,1,506,2,"2018-11-02 11:42:12.789687","2018-11-02 11:42:12.789687",
507,1,507,2,"2018-11-02 11:42:12.793982","2018-11-02 11:42:12.793982",
508,1,508,10,"2018-11-02 11:42:12.798319","2018-11-02 11:42:12.798319",
509,1,509,2,"2018-11-02 11:42:12.802948","2018-11-02 11:42:12.802948",
510,1,510,6,"2018-11-02 11:42:12.808719","2018-11-02 11:42:12.808719",
511,1,511,3,"2018-11-02 11:42:12.813508","2018-11-02 11:42:12.813508",
512,1,512,22,"2018-11-02 11:42:12.818291","2018-11-02 11:42:12.818291",
513,1,513,1,"2018-11-02 11:42:12.82282","2018-11-02 11:42:12.82282",
514,1,514,0,"2018-11-02 11:42:12.827322","2018-11-02 11:42:12.827322",
515,1,515,2,"2018-11-02 11:42:12.831551","2018-11-02 11:42:12.831551",
516,1,516,2,"2018-11-02 11:42:12.836153","2018-11-02 11:42:12.836153",
517,1,517,5,"2018-11-02 11:42:12.840676","2018-11-02 11:42:12.840676",
518,1,518,0,"2018-11-02 11:42:12.845252","2018-11-02 11:42:12.845252",
519,1,519,4,"2018-11-02 11:42:12.84972","2018-11-02 11:42:12.84972",
520,1,520,2,"2018-11-02 11:42:12.854138","2018-11-02 11:42:12.854138",
521,1,521,1,"2018-11-02 11:42:12.859159","2018-11-02 11:42:12.859159",
522,1,522,6,"2018-11-02 11:42:12.863647","2018-11-02 11:42:12.863647",
523,1,523,0,"2018-11-02 11:42:12.867866","2018-11-02 11:42:12.867866",
524,1,524,53,"2018-11-02 11:42:12.87205","2018-11-02 11:42:12.87205",
525,1,525,2,"2018-11-02 11:42:12.876462","2018-11-02 11:42:12.876462",
526,1,526,2,"2018-11-02 11:42:12.88084","2018-11-02 11:42:12.88084",
527,1,527,2,"2018-11-02 11:42:12.885872","2018-11-02 11:42:12.885872",
528,1,528,2,"2018-11-02 11:42:12.890495","2018-11-02 11:42:12.890495",
529,1,529,23,"2018-11-02 11:42:12.895388","2018-11-02 11:42:12.895388",
530,1,530,4,"2018-11-02 11:42:12.900179","2018-11-02 11:42:12.900179",
531,1,531,2,"2018-11-02 11:42:12.904989","2018-11-02 11:42:12.904989",
532,1,532,2,"2018-11-02 11:42:12.90958","2018-11-02 11:42:12.90958",
533,1,533,4,"2018-11-02 11:42:12.914241","2018-11-02 11:42:12.914241",
534,1,534,3,"2018-11-02 11:42:12.918708","2018-11-02 11:42:12.918708",
535,1,535,4,"2018-11-02 11:42:12.922966","2018-11-02 11:42:12.922966",
536,1,536,1,"2018-11-02 11:42:12.927421","2018-11-02 11:42:12.927421",
537,1,537,0,"2018-11-02 11:42:12.931646","2018-11-02 11:42:12.931646",
538,1,538,4,"2018-11-02 11:42:12.936429","2018-11-02 11:42:12.936429",
539,1,539,2,"2018-11-02 11:42:12.940506","2018-11-02 11:42:12.940506",
540,1,540,1,"2018-11-02 11:42:12.944674","2018-11-02 11:42:12.944674",
541,1,541,6,"2018-11-02 11:42:12.949334","2018-11-02 11:42:12.949334",
542,1,542,17,"2018-11-02 11:42:12.953852","2018-11-02 11:42:12.953852",
543,1,543,5,"2018-11-02 11:42:12.958143","2018-11-02 11:42:12.958143",
544,1,544,1,"2018-11-02 11:42:12.962665","2018-11-02 11:42:12.962665",
545,1,545,4,"2018-11-02 11:42:12.967463","2018-11-02 11:42:12.967463",
546,1,546,4,"2018-11-02 11:42:12.972091","2018-11-02 11:42:12.972091",
547,1,547,12,"2018-11-02 11:42:12.976647","2018-11-02 11:42:12.976647",
548,1,548,3,"2018-11-02 11:42:12.981125","2018-11-02 11:42:12.981125",
549,1,549,7,"2018-11-02 11:42:12.985944","2018-11-02 11:42:12.985944",
550,1,550,3,"2018-11-02 11:42:12.990315","2018-11-02 11:42:12.990315",
551,1,551,0,"2018-11-02 11:42:12.994411","2018-11-02 11:42:12.994411",
552,1,552,11,"2018-11-02 11:42:12.998873","2018-11-02 11:42:12.998873",
553,1,553,2,"2018-11-02 11:42:13.003375","2018-11-02 11:42:13.003375",
554,1,554,2,"2018-11-02 11:42:13.00759","2018-11-02 11:42:13.00759",
555,1,555,2,"2018-11-02 11:42:13.011935","2018-11-02 11:42:13.011935",
556,1,556,2,"2018-11-02 11:42:13.016383","2018-11-02 11:42:13.016383",
557,1,557,35,"2018-11-02 11:42:13.021007","2018-11-02 11:42:13.021007",
558,1,558,2,"2018-11-02 11:42:13.025424","2018-11-02 11:42:13.025424",
559,1,559,1,"2018-11-02 11:42:13.02947","2018-11-02 11:42:13.02947",
560,1,560,18,"2018-11-02 11:42:13.034504","2018-11-02 11:42:13.034504",
561,1,561,25,"2018-11-02 11:42:13.038781","2018-11-02 11:42:13.038781",
562,1,562,5,"2018-11-02 11:42:13.043388","2018-11-02 11:42:13.043388",
563,1,563,2,"2018-11-02 11:42:13.047992","2018-11-02 11:42:13.047992",
564,1,564,3,"2018-11-02 11:42:13.052552","2018-11-02 11:42:13.052552",
565,1,565,53,"2018-11-02 11:42:13.057067","2018-11-02 11:42:13.057067",
566,1,566,0,"2018-11-02 11:42:13.061786","2018-11-02 11:42:13.061786",
567,1,567,3,"2018-11-02 11:42:13.066616","2018-11-02 11:42:13.066616",
568,1,568,8,"2018-11-02 11:42:13.071287","2018-11-02 11:42:13.071287",
569,1,569,5,"2018-11-02 11:42:13.077838","2018-11-02 11:42:13.077838",
570,1,570,6,"2018-11-02 11:42:13.083609","2018-11-02 11:42:13.083609",
571,1,571,0,"2018-11-02 11:42:13.088491","2018-11-02 11:42:13.088491",
572,1,572,2,"2018-11-02 11:42:13.09319","2018-11-02 11:42:13.09319",
573,1,573,3,"2018-11-02 11:42:13.098161","2018-11-02 11:42:13.098161",
574,1,574,3,"2018-11-02 11:42:13.103236","2018-11-02 11:42:13.103236",
575,1,575,6,"2018-11-02 11:42:13.108151","2018-11-02 11:42:13.108151",
576,1,576,5,"2018-11-02 11:42:13.113045","2018-11-02 11:42:13.113045",
577,1,577,8,"2018-11-02 11:42:13.118051","2018-11-02 11:42:13.118051",
578,1,578,7,"2018-11-02 11:42:13.122658","2018-11-02 11:42:13.122658",
579,1,579,46,"2018-11-02 11:42:13.127362","2018-11-02 11:42:13.127362",
580,1,580,23,"2018-11-02 11:42:13.131958","2018-11-02 11:42:13.131958",
581,1,581,3,"2018-11-02 11:42:13.136854","2018-11-02 11:42:13.136854",
582,1,582,0,"2018-11-02 11:42:13.141466","2018-11-02 11:42:13.141466",
583,1,583,3,"2018-11-02 11:42:13.146165","2018-11-02 11:42:13.146165",
584,1,584,1,"2018-11-02 11:42:13.150975","2018-11-02 11:42:13.150975",
585,1,585,4,"2018-11-02 11:42:13.155532","2018-11-02 11:42:13.155532",
586,1,586,0,"2018-11-02 11:42:13.159842","2018-11-02 11:42:13.159842",
587,1,587,20,"2018-11-02 11:42:13.164346","2018-11-02 11:42:13.164346",
588,1,588,0,"2018-11-02 11:42:13.168826","2018-11-02 11:42:13.168826",
589,1,589,4,"2018-11-02 11:42:13.173249","2018-11-02 11:42:13.173249",
590,1,590,2,"2018-11-02 11:42:13.177429","2018-11-02 11:42:13.177429",
591,1,591,3,"2018-11-02 11:42:13.182016","2018-11-02 11:42:13.182016",
592,1,592,24,"2018-11-02 11:42:13.186821","2018-11-02 11:42:13.186821",
593,1,593,2,"2018-11-02 11:42:13.19146","2018-11-02 11:42:13.19146",
594,1,594,1,"2018-11-02 11:42:13.197375","2018-11-02 11:42:13.197375",
595,1,595,3,"2018-11-02 11:42:13.202593","2018-11-02 11:42:13.202593",
596,1,596,7,"2018-11-02 11:42:13.208776","2018-11-02 11:42:13.208776",
597,1,597,8,"2018-11-02 11:42:13.214791","2018-11-02 11:42:13.214791",
598,1,598,8,"2018-11-02 11:42:13.219446","2018-11-02 11:42:13.219446",
599,1,599,12,"2018-11-02 11:42:13.224439","2018-11-02 11:42:13.224439",
600,1,600,2,"2018-11-02 11:42:13.22884","2018-11-02 11:42:13.22884",
601,1,601,3,"2018-11-02 11:42:13.233734","2018-11-02 11:42:13.233734",
602,1,602,34,"2018-11-02 11:42:13.238267","2018-11-02 11:42:13.238267",
603,1,603,5,"2018-11-02 11:42:13.242785","2018-11-02 11:42:13.242785",
604,1,604,6,"2018-11-02 11:42:13.247342","2018-11-02 11:42:13.247342",
605,1,605,2,"2018-11-02 11:42:13.251885","2018-11-02 11:42:13.251885",
606,1,606,1,"2018-11-02 11:42:13.256256","2018-11-02 11:42:13.256256",
607,1,607,16,"2018-11-02 11:42:13.260625","2018-11-02 11:42:13.260625",
608,1,608,3,"2018-11-02 11:42:13.264921","2018-11-02 11:42:13.264921",
609,1,609,11,"2018-11-02 11:42:13.269473","2018-11-02 11:42:13.269473",
610,1,610,4,"2018-11-02 11:42:13.274254","2018-11-02 11:42:13.274254",
611,1,611,3,"2018-11-02 11:42:13.279121","2018-11-02 11:42:13.279121",
612,1,612,0,"2018-11-02 11:42:13.283696","2018-11-02 11:42:13.283696",
613,1,613,1,"2018-11-02 11:42:13.288104","2018-11-02 11:42:13.288104",
614,1,614,5,"2018-11-02 11:42:13.292319","2018-11-02 11:42:13.292319",
615,1,615,4,"2018-11-02 11:42:13.29674","2018-11-02 11:42:13.29674",
616,1,616,11,"2018-11-02 11:42:13.301282","2018-11-02 11:42:13.301282",
617,1,617,2,"2018-11-02 11:42:13.305674","2018-11-02 11:42:13.305674",
618,1,618,0,"2018-11-02 11:42:13.310136","2018-11-02 11:42:13.310136",
619,1,619,1,"2018-11-02 11:42:13.314521","2018-11-02 11:42:13.314521",
620,1,620,0,"2018-11-02 11:42:13.318759","2018-11-02 11:42:13.318759",
621,1,621,1,"2018-11-02 11:42:13.323002","2018-11-02 11:42:13.323002",
622,1,622,2,"2018-11-02 11:42:13.327043","2018-11-02 11:42:13.327043",
623,1,623,4,"2018-11-02 11:42:13.331559","2018-11-02 11:42:13.331559",
624,1,624,1,"2018-11-02 11:42:13.335841","2018-11-02 11:42:13.335841",
625,1,625,0,"2018-11-02 11:42:13.340199","2018-11-02 11:42:13.340199",
626,1,626,1,"2018-11-02 11:42:13.344472","2018-11-02 11:42:13.344472",
627,1,627,6,"2018-11-02 11:42:13.349318","2018-11-02 11:42:13.349318",
628,1,628,5,"2018-11-02 11:42:13.354029","2018-11-02 11:42:13.354029",
629,1,629,0,"2018-11-02 11:42:13.359029","2018-11-02 11:42:13.359029",
630,1,630,2,"2018-11-02 11:42:13.363479","2018-11-02 11:42:13.363479",
631,1,631,0,"2018-11-02 11:42:13.368732","2018-11-02 11:42:13.368732",
632,1,632,5,"2018-11-02 11:42:13.373552","2018-11-02 11:42:13.373552",
633,1,633,2,"2018-11-02 11:42:13.377991","2018-11-02 11:42:13.377991",
634,1,634,0,"2018-11-02 11:42:13.382457","2018-11-02 11:42:13.382457",
635,1,635,0,"2018-11-02 11:42:13.387298","2018-11-02 11:42:13.387298",
636,1,636,0,"2018-11-02 11:42:13.392338","2018-11-02 11:42:13.392338",
637,1,637,0,"2018-11-02 11:42:13.397033","2018-11-02 11:42:13.397033",
638,1,638,4,"2018-11-02 11:42:13.401867","2018-11-02 11:42:13.401867",
639,1,639,2,"2018-11-02 11:42:13.406354","2018-11-02 11:42:13.406354",
640,1,640,2,"2018-11-02 11:42:13.411023","2018-11-02 11:42:13.411023",
641,1,641,5,"2018-11-02 11:42:13.415782","2018-11-02 11:42:13.415782",
642,1,642,3,"2018-11-02 11:42:13.420434","2018-11-02 11:42:13.420434",
643,1,643,9,"2018-11-02 11:42:13.426452","2018-11-02 11:42:13.426452",
644,1,644,2,"2018-11-02 11:42:13.431602","2018-11-02 11:42:13.431602",
645,1,645,4,"2018-11-02 11:42:13.436223","2018-11-02 11:42:13.436223",
646,1,646,2,"2018-11-02 11:42:13.442371","2018-11-02 11:42:13.442371",
647,1,647,9,"2018-11-02 11:42:13.44691","2018-11-02 11:42:13.44691",
648,1,648,2,"2018-11-02 11:42:13.4512","2018-11-02 11:42:13.4512",
649,1,649,6,"2018-11-02 11:42:13.455538","2018-11-02 11:42:13.455538",
650,1,650,4,"2018-11-02 11:42:13.459801","2018-11-02 11:42:13.459801",
651,1,651,11,"2018-11-02 11:42:13.464322","2018-11-02 11:42:13.464322",
652,1,652,1,"2018-11-02 11:42:13.46878","2018-11-02 11:42:13.46878",
653,1,653,1,"2018-11-02 11:42:13.472943","2018-11-02 11:42:13.472943",
654,1,654,1,"2018-11-02 11:42:13.477238","2018-11-02 11:42:13.477238",
655,1,655,7,"2018-11-02 11:42:13.482002","2018-11-02 11:42:13.482002",
656,1,656,10,"2018-11-02 11:42:13.487028","2018-11-02 11:42:13.487028",
657,1,657,7,"2018-11-02 11:42:13.491819","2018-11-02 11:42:13.491819",
658,1,658,1,"2018-11-02 11:42:13.49614","2018-11-02 11:42:13.49614",
659,1,659,11,"2018-11-02 11:42:13.500958","2018-11-02 11:42:13.500958",
660,1,660,1,"2018-11-02 11:42:13.505551","2018-11-02 11:42:13.505551",
661,1,661,7,"2018-11-02 11:42:13.510024","2018-11-02 11:42:13.510024",
662,1,662,14,"2018-11-02 11:42:13.51453","2018-11-02 11:42:13.51453",
663,1,663,3,"2018-11-02 11:42:13.519094","2018-11-02 11:42:13.519094",
664,1,664,4,"2018-11-02 11:42:13.523365","2018-11-02 11:42:13.523365",
665,1,665,38,"2018-11-02 11:42:13.528703","2018-11-02 11:42:13.528703",
666,1,666,3,"2018-11-02 11:42:13.533471","2018-11-02 11:42:13.533471",
667,1,667,3,"2018-11-02 11:42:13.538545","2018-11-02 11:42:13.538545",
668,1,668,4,"2018-11-02 11:42:13.545223","2018-11-02 11:42:13.545223",
669,1,669,2,"2018-11-02 11:42:13.550851","2018-11-02 11:42:13.550851",
670,1,670,18,"2018-11-02 11:42:13.555616","2018-11-02 11:42:13.555616",
671,1,671,2,"2018-11-02 11:42:13.560497","2018-11-02 11:42:13.560497",
672,1,672,2,"2018-11-02 11:42:13.565821","2018-11-02 11:42:13.565821",
673,1,673,3,"2018-11-02 11:42:13.571167","2018-11-02 11:42:13.571167",
674,1,674,1,"2018-11-02 11:42:13.576405","2018-11-02 11:42:13.576405",
675,1,675,8,"2018-11-02 11:42:13.582624","2018-11-02 11:42:13.582624",
676,1,676,5,"2018-11-02 11:42:13.588104","2018-11-02 11:42:13.588104",
677,1,677,11,"2018-11-02 11:42:13.594825","2018-11-02 11:42:13.594825",
678,1,678,6,"2018-11-02 11:42:13.600492","2018-11-02 11:42:13.600492",
679,1,679,6,"2018-11-02 11:42:13.606241","2018-11-02 11:42:13.606241",
680,1,680,3,"2018-11-02 11:42:13.611617","2018-11-02 11:42:13.611617",
681,1,681,7,"2018-11-02 11:42:13.617184","2018-11-02 11:42:13.617184",
682,1,682,2,"2018-11-02 11:42:13.622488","2018-11-02 11:42:13.622488",
683,1,683,2,"2018-11-02 11:42:13.628101","2018-11-02 11:42:13.628101",
684,1,684,1,"2018-11-02 11:42:13.633096","2018-11-02 11:42:13.633096",
685,1,685,8,"2018-11-02 11:42:13.638277","2018-11-02 11:42:13.638277",
686,1,686,2,"2018-11-02 11:42:13.643222","2018-11-02 11:42:13.643222",
687,1,687,2,"2018-11-02 11:42:13.648157","2018-11-02 11:42:13.648157",
688,1,688,0,"2018-11-02 11:42:13.652865","2018-11-02 11:42:13.652865",
689,1,689,0,"2018-11-02 11:42:13.65869","2018-11-02 11:42:13.65869",
690,1,690,13,"2018-11-02 11:42:13.665687","2018-11-02 11:42:13.665687",
691,1,691,2,"2018-11-02 11:42:13.671261","2018-11-02 11:42:13.671261",
692,1,692,7,"2018-11-02 11:42:13.675152","2018-11-02 11:42:13.675152",
693,1,693,3,"2018-11-02 11:42:13.679358","2018-11-02 11:42:13.679358",
694,1,694,1,"2018-11-02 11:42:13.683654","2018-11-02 11:42:13.683654",
695,1,695,10,"2018-11-02 11:42:13.688567","2018-11-02 11:42:13.688567",
696,1,696,0,"2018-11-02 11:42:13.696171","2018-11-02 11:42:13.696171",
697,1,697,1,"2018-11-02 11:42:13.700589","2018-11-02 11:42:13.700589",
698,1,698,14,"2018-11-02 11:42:13.704826","2018-11-02 11:42:13.704826",
699,1,699,2,"2018-11-02 11:42:13.709477","2018-11-02 11:42:13.709477",
700,1,700,5,"2018-11-02 11:42:13.714578","2018-11-02 11:42:13.714578",
701,1,701,3,"2018-11-02 11:42:13.719312","2018-11-02 11:42:13.719312",
702,1,702,3,"2018-11-02 11:42:13.723601","2018-11-02 11:42:13.723601",
703,1,703,5,"2018-11-02 11:42:13.727758","2018-11-02 11:42:13.727758",
704,1,704,0,"2018-11-02 11:42:13.732378","2018-11-02 11:42:13.732378",
705,1,705,0,"2018-11-02 11:42:13.736969","2018-11-02 11:42:13.736969",
706,1,706,5,"2018-11-02 11:42:13.742336","2018-11-02 11:42:13.742336",
707,1,707,9,"2018-11-02 11:42:13.748034","2018-11-02 11:42:13.748034",
708,1,708,0,"2018-11-02 11:42:13.753305","2018-11-02 11:42:13.753305",
709,1,709,2,"2018-11-02 11:42:13.758571","2018-11-02 11:42:13.758571",
710,1,710,10,"2018-11-02 11:42:13.763109","2018-11-02 11:42:13.763109",
711,1,711,3,"2018-11-02 11:42:13.767768","2018-11-02 11:42:13.767768",
712,1,712,3,"2018-11-02 11:42:13.772796","2018-11-02 11:42:13.772796",
713,1,713,0,"2018-11-02 11:42:13.777157","2018-11-02 11:42:13.777157",
714,1,714,17,"2018-11-02 11:42:13.781523","2018-11-02 11:42:13.781523",
715,1,715,0,"2018-11-02 11:42:13.785925","2018-11-02 11:42:13.785925",
716,1,716,1,"2018-11-02 11:42:13.790616","2018-11-02 11:42:13.790616",
717,1,717,4,"2018-11-02 11:42:13.795427","2018-11-02 11:42:13.795427",
718,1,718,1,"2018-11-02 11:42:13.800146","2018-11-02 11:42:13.800146",
719,1,719,75,"2018-11-02 11:42:13.805362","2018-11-02 11:42:13.805362",
720,1,720,12,"2018-11-02 11:42:13.809956","2018-11-02 11:42:13.809956",
721,1,721,6,"2018-11-02 11:42:13.814347","2018-11-02 11:42:13.814347",
722,1,722,4,"2018-11-02 11:42:13.820497","2018-11-02 11:42:13.820497",
723,1,723,8,"2018-11-02 11:42:13.824609","2018-11-02 11:42:13.824609",
724,1,724,4,"2018-11-02 11:42:13.828746","2018-11-02 11:42:13.828746",
725,1,725,0,"2018-11-02 11:42:13.833121","2018-11-02 11:42:13.833121",
726,1,726,0,"2018-11-02 11:42:13.83748","2018-11-02 11:42:13.83748",
727,1,727,2,"2018-11-02 11:42:13.842098","2018-11-02 11:42:13.842098",
728,1,728,2,"2018-11-02 11:42:13.846699","2018-11-02 11:42:13.846699",
729,1,729,3,"2018-11-02 11:42:13.850987","2018-11-02 11:42:13.850987",
730,1,730,0,"2018-11-02 11:42:13.855599","2018-11-02 11:42:13.855599",
731,1,731,0,"2018-11-02 11:42:13.860775","2018-11-02 11:42:13.860775",
732,1,732,3,"2018-11-02 11:42:13.865724","2018-11-02 11:42:13.865724",
733,1,733,0,"2018-11-02 11:42:13.870506","2018-11-02 11:42:13.870506",
734,1,734,0,"2018-11-02 11:42:13.875855","2018-11-02 11:42:13.875855",
735,1,735,3,"2018-11-02 11:42:13.881727","2018-11-02 11:42:13.881727",
736,1,736,3,"2018-11-02 11:42:13.887342","2018-11-02 11:42:13.887342",
737,1,737,0,"2018-11-02 11:42:13.892718","2018-11-02 11:42:13.892718",
738,1,738,3,"2018-11-02 11:42:13.897641","2018-11-02 11:42:13.897641",
739,1,739,9,"2018-11-02 11:42:13.902712","2018-11-02 11:42:13.902712",
740,1,740,10,"2018-11-02 11:42:13.907557","2018-11-02 11:42:13.907557",
741,1,741,4,"2018-11-02 11:42:13.912343","2018-11-02 11:42:13.912343",
742,1,742,3,"2018-11-02 11:42:13.917088","2018-11-02 11:42:13.917088",
743,1,743,3,"2018-11-02 11:42:13.923126","2018-11-02 11:42:13.923126",
744,1,744,8,"2018-11-02 11:42:13.928056","2018-11-02 11:42:13.928056",
745,1,745,2,"2018-11-02 11:42:13.933039","2018-11-02 11:42:13.933039",
746,1,746,12,"2018-11-02 11:42:13.938455","2018-11-02 11:42:13.938455",
747,1,747,3,"2018-11-02 11:42:13.943487","2018-11-02 11:42:13.943487",
748,1,748,1,"2018-11-02 11:42:13.948516","2018-11-02 11:42:13.948516",
749,1,749,6,"2018-11-02 11:42:13.953613","2018-11-02 11:42:13.953613",
750,1,750,1,"2018-11-02 11:42:13.958289","2018-11-02 11:42:13.958289",
751,1,751,27,"2018-11-02 11:42:13.963366","2018-11-02 11:42:13.963366",
752,1,752,1,"2018-11-02 11:42:13.968232","2018-11-02 11:42:13.968232",
753,1,753,3,"2018-11-02 11:42:13.973774","2018-11-02 11:42:13.973774",
754,1,754,3,"2018-11-02 11:42:13.978722","2018-11-02 11:42:13.978722",
755,1,755,9,"2018-11-02 11:42:13.983357","2018-11-02 11:42:13.983357",
756,1,756,1,"2018-11-02 11:42:13.989159","2018-11-02 11:42:13.989159",
757,1,757,12,"2018-11-02 11:42:13.994199","2018-11-02 11:42:13.994199",
758,1,758,0,"2018-11-02 11:42:13.999394","2018-11-02 11:42:13.999394",
759,1,759,3,"2018-11-02 11:42:14.003742","2018-11-02 11:42:14.003742",
760,1,760,6,"2018-11-02 11:42:14.008815","2018-11-02 11:42:14.008815",
761,1,761,20,"2018-11-02 11:42:14.013303","2018-11-02 11:42:14.013303",
762,1,762,1,"2018-11-02 11:42:14.017862","2018-11-02 11:42:14.017862",
763,1,763,1,"2018-11-02 11:42:14.022271","2018-11-02 11:42:14.022271",
764,1,764,8,"2018-11-02 11:42:14.026948","2018-11-02 11:42:14.026948",
765,1,765,9,"2018-11-02 11:42:14.031817","2018-11-02 11:42:14.031817",
766,1,766,2,"2018-11-02 11:42:14.036522","2018-11-02 11:42:14.036522",
767,1,767,1,"2018-11-02 11:42:14.041015","2018-11-02 11:42:14.041015",
768,1,768,9,"2018-11-02 11:42:14.045829","2018-11-02 11:42:14.045829",
769,1,769,13,"2018-11-02 11:42:14.050878","2018-11-02 11:42:14.050878",
770,1,770,1,"2018-11-02 11:42:14.055593","2018-11-02 11:42:14.055593",
771,1,771,23,"2018-11-02 11:42:14.060221","2018-11-02 11:42:14.060221",
772,1,772,8,"2018-11-02 11:42:14.065626","2018-11-02 11:42:14.065626",
773,1,773,0,"2018-11-02 11:42:14.070581","2018-11-02 11:42:14.070581",
774,1,774,1,"2018-11-02 11:42:14.075119","2018-11-02 11:42:14.075119",
775,1,775,0,"2018-11-02 11:42:14.079815","2018-11-02 11:42:14.079815",
776,1,776,6,"2018-11-02 11:42:14.084788","2018-11-02 11:42:14.084788",
777,1,777,6,"2018-11-02 11:42:14.089639","2018-11-02 11:42:14.089639",
778,1,778,2,"2018-11-02 11:42:14.094171","2018-11-02 11:42:14.094171",
779,1,779,5,"2018-11-02 11:42:14.099278","2018-11-02 11:42:14.099278",
780,1,780,9,"2018-11-02 11:42:14.104235","2018-11-02 11:42:14.104235",
781,1,781,13,"2018-11-02 11:42:14.11053","2018-11-02 11:42:14.11053",
782,1,782,9,"2018-11-02 11:42:14.115493","2018-11-02 11:42:14.115493",
783,1,783,14,"2018-11-02 11:42:14.120211","2018-11-02 11:42:14.120211",
784,1,784,17,"2018-11-02 11:42:14.125311","2018-11-02 11:42:14.125311",
785,1,785,11,"2018-11-02 11:42:14.130765","2018-11-02 11:42:14.130765",
786,1,786,14,"2018-11-02 11:42:14.136659","2018-11-02 11:42:14.136659",
787,1,787,55,"2018-11-02 11:42:14.141608","2018-11-02 11:42:14.141608",
788,1,788,29,"2018-11-02 11:42:14.146503","2018-11-02 11:42:14.146503",
789,1,789,7,"2018-11-02 11:42:14.151027","2018-11-02 11:42:14.151027",
790,1,790,7,"2018-11-02 11:42:14.155343","2018-11-02 11:42:14.155343",
791,1,791,19,"2018-11-02 11:42:14.159879","2018-11-02 11:42:14.159879",
792,1,792,34,"2018-11-02 11:42:14.164579","2018-11-02 11:42:14.164579",
793,1,793,27,"2018-11-02 11:42:14.169094","2018-11-02 11:42:14.169094",
794,1,794,30,"2018-11-02 11:42:14.173831","2018-11-02 11:42:14.173831",
795,1,795,13,"2018-11-02 11:42:14.178584","2018-11-02 11:42:14.178584",
796,1,796,15,"2018-11-02 11:42:14.183547","2018-11-02 11:42:14.183547",
797,1,797,12,"2018-11-02 11:42:14.188394","2018-11-02 11:42:14.188394",
798,1,798,3,"2018-11-02 11:42:14.195062","2018-11-02 11:42:14.195062",
799,1,799,7,"2018-11-02 11:42:14.199921","2018-11-02 11:42:14.199921",
800,1,800,2,"2018-11-02 11:42:14.204917","2018-11-02 11:42:14.204917",
801,1,801,11,"2018-11-02 11:42:14.210114","2018-11-02 11:42:14.210114",
802,1,802,39,"2018-11-02 11:42:14.215038","2018-11-02 11:42:14.215038",
803,1,803,23,"2018-11-02 11:42:14.219895","2018-11-02 11:42:14.219895",
804,1,804,11,"2018-11-02 11:42:14.224788","2018-11-02 11:42:14.224788",
805,1,805,36,"2018-11-02 11:42:14.230059","2018-11-02 11:42:14.230059",
806,1,806,14,"2018-11-02 11:42:14.235213","2018-11-02 11:42:14.235213",
807,1,807,2,"2018-11-02 11:42:14.239671","2018-11-02 11:42:14.239671",
808,1,808,18,"2018-11-02 11:42:14.244538","2018-11-02 11:42:14.244538",
809,1,809,2,"2018-11-02 11:42:14.249467","2018-11-02 11:42:14.249467",
810,1,810,6,"2018-11-02 11:42:14.254445","2018-11-02 11:42:14.254445",
811,1,811,26,"2018-11-02 11:42:14.259275","2018-11-02 11:42:14.259275",
812,1,812,9,"2018-11-02 11:42:14.2638","2018-11-02 11:42:14.2638",
813,1,813,7,"2018-11-02 11:42:14.268285","2018-11-02 11:42:14.268285",
814,1,814,13,"2018-11-02 11:42:14.274083","2018-11-02 11:42:14.274083",
815,1,815,34,"2018-11-02 11:42:14.278696","2018-11-02 11:42:14.278696",
816,1,816,21,"2018-11-02 11:42:14.28365","2018-11-02 11:42:14.28365",
817,1,817,20,"2018-11-02 11:42:14.288614","2018-11-02 11:42:14.288614",
818,1,818,9,"2018-11-02 11:42:14.292966","2018-11-02 11:42:14.292966",
819,1,819,48,"2018-11-02 11:42:14.297253","2018-11-02 11:42:14.297253",
820,1,820,9,"2018-11-02 11:42:14.302013","2018-11-02 11:42:14.302013",
821,1,821,68,"2018-11-02 11:42:14.306515","2018-11-02 11:42:14.306515",
822,1,822,11,"2018-11-02 11:42:14.311116","2018-11-02 11:42:14.311116",
823,1,823,30,"2018-11-02 11:42:14.315655","2018-11-02 11:42:14.315655",
824,1,824,16,"2018-11-02 11:42:14.320674","2018-11-02 11:42:14.320674",
825,1,825,20,"2018-11-02 11:42:14.325381","2018-11-02 11:42:14.325381",
826,1,826,12,"2018-11-02 11:42:14.330044","2018-11-02 11:42:14.330044",
827,1,827,38,"2018-11-02 11:42:14.334528","2018-11-02 11:42:14.334528",
828,1,828,7,"2018-11-02 11:42:14.33911","2018-11-02 11:42:14.33911",
829,1,829,15,"2018-11-02 11:42:14.344809","2018-11-02 11:42:14.344809",
830,1,830,86,"2018-11-02 11:42:14.34954","2018-11-02 11:42:14.34954",
831,1,831,97,"2018-11-02 11:42:14.355295","2018-11-02 11:42:14.355295",
832,1,832,24,"2018-11-02 11:42:14.360559","2018-11-02 11:42:14.360559",
833,1,833,15,"2018-11-02 11:42:14.365778","2018-11-02 11:42:14.365778",
834,1,834,6,"2018-11-02 11:42:14.370788","2018-11-02 11:42:14.370788",
835,1,835,8,"2018-11-02 11:42:14.376149","2018-11-02 11:42:14.376149",
836,1,836,9,"2018-11-02 11:42:14.381188","2018-11-02 11:42:14.381188",
837,1,837,28,"2018-11-02 11:42:14.385709","2018-11-02 11:42:14.385709",
838,1,838,13,"2018-11-02 11:42:14.39063","2018-11-02 11:42:14.39063",
839,1,839,24,"2018-11-02 11:42:14.395344","2018-11-02 11:42:14.395344",
840,1,840,44,"2018-11-02 11:42:14.399896","2018-11-02 11:42:14.399896",
841,1,841,28,"2018-11-02 11:42:14.404607","2018-11-02 11:42:14.404607",
842,1,842,50,"2018-11-02 11:42:14.409222","2018-11-02 11:42:14.409222",
843,1,843,53,"2018-11-02 11:42:14.413936","2018-11-02 11:42:14.413936",
844,1,844,58,"2018-11-02 11:42:14.418478","2018-11-02 11:42:14.418478",
845,1,845,41,"2018-11-02 11:42:14.422865","2018-11-02 11:42:14.422865",
846,1,846,8,"2018-11-02 11:42:14.427578","2018-11-02 11:42:14.427578",
847,1,847,15,"2018-11-02 11:42:14.431797","2018-11-02 11:42:14.431797",
848,1,848,17,"2018-11-02 11:42:14.436431","2018-11-02 11:42:14.436431",
849,1,849,73,"2018-11-02 11:42:14.440739","2018-11-02 11:42:14.440739",
850,1,850,24,"2018-11-02 11:42:14.445443","2018-11-02 11:42:14.445443",
851,1,851,9,"2018-11-02 11:42:14.44997","2018-11-02 11:42:14.44997",
852,1,852,4,"2018-11-02 11:42:14.454508","2018-11-02 11:42:14.454508",
853,1,853,22,"2018-11-02 11:42:14.458924","2018-11-02 11:42:14.458924",
854,1,854,7,"2018-11-02 11:42:14.463488","2018-11-02 11:42:14.463488",
855,1,855,6,"2018-11-02 11:42:14.46805","2018-11-02 11:42:14.46805",
856,1,856,5,"2018-11-02 11:42:14.474194","2018-11-02 11:42:14.474194",
857,1,857,18,"2018-11-02 11:42:14.479187","2018-11-02 11:42:14.479187",
858,1,858,3,"2018-11-02 11:42:14.484391","2018-11-02 11:42:14.484391",
859,1,859,10,"2018-11-02 11:42:14.489289","2018-11-02 11:42:14.489289",
860,1,860,12,"2018-11-02 11:42:14.493983","2018-11-02 11:42:14.493983",
861,1,861,1,"2018-11-02 11:42:14.498956","2018-11-02 11:42:14.498956",
862,1,862,2,"2018-11-02 11:42:14.503824","2018-11-02 11:42:14.503824",
863,1,863,8,"2018-11-02 11:42:14.508548","2018-11-02 11:42:14.508548",
864,1,864,3,"2018-11-02 11:42:14.51329","2018-11-02 11:42:14.51329",
865,1,865,16,"2018-11-02 11:42:14.517757","2018-11-02 11:42:14.517757",
866,1,866,4,"2018-11-02 11:42:14.522056","2018-11-02 11:42:14.522056",
867,1,867,39,"2018-11-02 11:42:14.526489","2018-11-02 11:42:14.526489",
868,1,868,11,"2018-11-02 11:42:14.530981","2018-11-02 11:42:14.530981",
869,1,869,3,"2018-11-02 11:42:14.536045","2018-11-02 11:42:14.536045",
870,1,870,9,"2018-11-02 11:42:14.540741","2018-11-02 11:42:14.540741",
871,1,871,11,"2018-11-02 11:42:14.544984","2018-11-02 11:42:14.544984",
872,1,872,9,"2018-11-02 11:42:14.549468","2018-11-02 11:42:14.549468",
873,1,873,6,"2018-11-02 11:42:14.55409","2018-11-02 11:42:14.55409",
874,1,874,31,"2018-11-02 11:42:14.55854","2018-11-02 11:42:14.55854",
875,1,875,10,"2018-11-02 11:42:14.564353","2018-11-02 11:42:14.564353",
876,1,876,15,"2018-11-02 11:42:14.568775","2018-11-02 11:42:14.568775",
877,1,877,39,"2018-11-02 11:42:14.573339","2018-11-02 11:42:14.573339",
878,1,878,34,"2018-11-02 11:42:14.577886","2018-11-02 11:42:14.577886",
879,1,879,39,"2018-11-02 11:42:14.582406","2018-11-02 11:42:14.582406",
880,1,880,4,"2018-11-02 11:42:14.586836","2018-11-02 11:42:14.586836",
881,1,881,28,"2018-11-02 11:42:14.591443","2018-11-02 11:42:14.591443",
882,1,882,15,"2018-11-02 11:42:14.596259","2018-11-02 11:42:14.596259",
883,1,883,21,"2018-11-02 11:42:14.601209","2018-11-02 11:42:14.601209",
884,1,884,13,"2018-11-02 11:42:14.605796","2018-11-02 11:42:14.605796",
885,1,885,9,"2018-11-02 11:42:14.610424","2018-11-02 11:42:14.610424",
886,1,886,5,"2018-11-02 11:42:14.615165","2018-11-02 11:42:14.615165",
887,1,887,51,"2018-11-02 11:42:14.619573","2018-11-02 11:42:14.619573",
888,1,888,2,"2018-11-02 11:42:14.624184","2018-11-02 11:42:14.624184",
889,1,889,7,"2018-11-02 11:42:14.628854","2018-11-02 11:42:14.628854",
890,1,890,22,"2018-11-02 11:42:14.633432","2018-11-02 11:42:14.633432",
891,1,891,9,"2018-11-02 11:42:14.638306","2018-11-02 11:42:14.638306",
892,1,892,7,"2018-11-02 11:42:14.64281","2018-11-02 11:42:14.64281",
893,1,893,38,"2018-11-02 11:42:14.647833","2018-11-02 11:42:14.647833",
894,1,894,10,"2018-11-02 11:42:14.65236","2018-11-02 11:42:14.65236",
895,1,895,66,"2018-11-02 11:42:14.656747","2018-11-02 11:42:14.656747",
896,1,896,57,"2018-11-02 11:42:14.662621","2018-11-02 11:42:14.662621",
897,1,897,52,"2018-11-02 11:42:14.667875","2018-11-02 11:42:14.667875",
898,1,898,32,"2018-11-02 11:42:14.672678","2018-11-02 11:42:14.672678",
899,1,899,60,"2018-11-02 11:42:14.677093","2018-11-02 11:42:14.677093",
900,1,900,44,"2018-11-02 11:42:14.682125","2018-11-02 11:42:14.682125",
901,1,901,23,"2018-11-02 11:42:14.686907","2018-11-02 11:42:14.686907",
902,1,902,10,"2018-11-02 11:42:14.691715","2018-11-02 11:42:14.691715",
903,1,903,33,"2018-11-02 11:42:14.696304","2018-11-02 11:42:14.696304",
904,1,904,34,"2018-11-02 11:42:14.701059","2018-11-02 11:42:14.701059",
905,1,905,61,"2018-11-02 11:42:14.705599","2018-11-02 11:42:14.705599",
906,1,906,72,"2018-11-02 11:42:14.709885","2018-11-02 11:42:14.709885",
907,1,907,96,"2018-11-02 11:42:14.714568","2018-11-02 11:42:14.714568",
908,1,908,10,"2018-11-02 11:42:14.719402","2018-11-02 11:42:14.719402",
